time,shearingDisp,s/d,25kPa,50kPa,100kPa,150kPa,200kPa,300kPa,500kPa
0,0,0,1.60071,2.88835,4.0272,2.89412,2.08393,1.92659,2.62316
0.11,0.00657636,0.00164409,3.19525,5.01594,4.86225,2.98699,2.13829,1.95469,2.84114
0.21,0.00735302,0.001838255,4.21218,6.14992,10.2545,3.20337,2.17864,2.052,3.07766
0.31,0.00790525,0.0019763125,5.03575,6.89879,11.2905,3.93787,2.2298,2.05997,3.1596
0.41,0.0101557,0.002538925,5.77827,7.6632,12.7876,11.2603,2.49708,2.0619,3.27033
0.5,0.0137428,0.0034357,6.30856,8.88338,14.2341,13.6875,8.09455,2.24863,3.27947
0.61,0.0202212,0.0050553,7.14479,10.0002,16.0395,14.9141,14.6577,3.02472,3.55103
0.7,0.0281476,0.0070369,8.00362,10.9045,17.5268,17.2732,15.786,11.7352,3.71162
0.81,0.0403521,0.010088025,8.96963,12.2453,19.9885,19.6069,17.9812,16.5206,4.15322
0.9,0.0518419,0.012960475,9.68093,13.6007,22.1304,21.1176,20.1566,18.7375,4.57715
1,0.0652455,0.016311375,12.1847,15.4306,25.1604,23.4891,22.8115,21.2861,10.8482
1.1,0.0784469,0.019611725,17.4573,17.8138,27.2009,26.2501,25.6451,23.5937,20.3569
1.21,0.0919509,0.022987725,21.9054,19.673,30.2098,29.6732,29.7016,26.4554,24.8103
1.31,0.103386,0.0258465,23.4323,21.7187,33.0699,33.1608,34.1166,29.8538,30.2195
1.4,0.113067,0.02826675,24.905,24.499,35.6963,35.6511,37.6195,33.9442,36.9474
1.5,0.122867,0.03071675,26.4995,26.9928,38.1969,37.9327,41.4795,38.68,44.6161
1.61,0.132989,0.03324725,28.8534,28.6111,40.2807,40.461,44.9057,43.5332,53.4343
1.71,0.142054,0.0355135,31.3098,30.187,42.2793,42.997,48.0503,47.5854,59.943
1.8,0.150289,0.03757225,33.6534,31.7976,44.6254,45.3885,50.4957,50.1191,65.1073
1.9,0.159647,0.03991175,34.9919,33.3968,46.5834,47.6152,53.6353,52.7638,70.9595
2,0.169372,0.042343,36.39,35.2844,48.4272,49.7132,57.295,56.4538,77.2003
2.11,0.180463,0.04511575,37.4966,37.092,50.4248,52.0362,61.1376,60.4713,85.1246
2.2,0.189959,0.04748975,38.3598,38.4267,52.358,53.9063,63.6613,64.0011,92.4701
2.3,0.20113,0.0502825,39.6829,39.7275,54.1953,56.4685,66.3225,68.895,98.5145
2.41,0.213241,0.05331025,40.9536,41.7272,56.4119,58.9321,69.2163,73.9126,103.293
2.5,0.222942,0.0557355,41.9029,43.266,58.0626,61.2538,71.4421,77.0165,107.292
2.61,0.234716,0.058679,43.1678,45.0695,60.2459,64.0207,74.5845,80.8757,111.669
2.7,0.24407,0.0610175,44.3077,46.5847,62.0711,66.0741,77.6439,83.6006,115.249
2.8,0.254189,0.06354725,46.25,48.1505,64.2277,68.7051,81.0794,86.9868,118.877
2.91,0.265028,0.066257,47.6468,50.3347,66.513,71.812,85.2753,90.8211,122.824
3,0.273858,0.0684645,48.6085,51.9287,68.6551,73.586,88.2397,94.7832,126.624
3.11,0.28503,0.0712575,50.0662,53.5494,71.3331,76.0652,91.8109,99.9628,132.269
3.21,0.295284,0.073821,51.2926,55.0611,73.7426,78.5331,94.4362,103.99,138.016
3.3,0.304488,0.076122,52.2534,56.1547,75.5844,80.9548,97.5548,107.336,142.686
3.41,0.315963,0.07899075,53.8005,57.8118,77.8042,84.0041,101.109,111.393,148.673
3.5,0.325401,0.08135025,55.3584,59.3524,79.6033,86.8828,103.792,115.085,152.976
3.6,0.335861,0.08396525,56.9336,61.3554,81.6481,89.4666,107.43,120.244,158.13
3.71,0.347152,0.086788,58.3533,62.994,84.0045,92.2648,111.905,125.39,164.835
3.8,0.35621,0.0890525,59.4306,64.5411,85.6811,94.3922,116.208,129.872,171.102
3.91,0.367358,0.0918395,60.4018,66.0932,87.775,96.6499,120.594,135.94,179.155
4,0.376602,0.0941505,61.2537,67.41,89.7319,98.4567,122.971,140.08,186.1
4.1,0.386919,0.09672975,62.4209,69.0408,92.1014,101.124,125.988,144.947,193.888
4.21,0.398224,0.099556,64.0706,70.5291,94.7764,104.222,129.005,150.535,201.434
4.31,0.408692,0.102173,65.888,72.0762,96.8867,107.248,132.527,155.7,208.715
4.4,0.418107,0.10452675,67.5105,73.7267,98.6564,109.391,135.551,160.165,215.495
4.5,0.428405,0.10710125,69.0639,75.8119,100.776,111.94,139.29,164.786,223.571
4.6,0.438534,0.1096335,70.2653,77.3209,102.876,115.154,142.75,169.983,232.655
4.71,0.449569,0.11239225,71.4445,79.1804,105.39,118.083,146.457,175.63,242.644
4.81,0.459632,0.114908,72.333,80.7415,107.737,120.526,150.007,181.371,251.007
4.9,0.468803,0.11720075,73.2523,82.1666,109.999,122.974,153.663,187.387,259.011
5,0.479177,0.11979425,74.1903,83.5809,112.42,125.44,158.008,194.037,269.067
5.1,0.489575,0.12239375,75.3219,84.889,114.525,127.902,161.791,200.834,277.779
5.21,0.501134,0.1252835,77.1432,86.5703,116.764,131.177,167.187,205.914,286.327
5.31,0.511565,0.12789125,78.7752,88.4729,119.014,134.189,172.051,209.826,293.602
5.4,0.520827,0.13020675,79.7982,89.9341,120.906,136.543,176.131,214.498,299.211
5.5,0.530981,0.13274525,80.932,91.8493,123.103,139.145,179.949,219.696,306.19
5.6,0.541008,0.135252,82.3014,93.5826,125.326,142.226,183.159,225.502,314.381
5.71,0.552107,0.13802675,83.615,94.8949,127.823,144.975,186.852,232.478,324.628
5.81,0.56239,0.1405975,85.0017,96.2781,130.092,147.662,189.841,238.678,333.451
5.9,0.571783,0.14294575,86.2099,97.6783,132.291,150.282,193.383,244.185,341.422
6,0.582119,0.14552975,87.6739,99.2534,134.46,153.199,196.272,249.601,348.992
6.1,0.592486,0.1481215,89.4125,100.839,136.466,156.108,199.599,254.782,356.756
6.21,0.603859,0.15096475,91.13,102.877,139.012,158.815,203.188,259.444,365.034
6.31,0.614112,0.153528,92.3736,104.621,141.118,161.859,206.635,263.885,372.423
6.41,0.624249,0.15606225,93.7988,106.737,143.178,164.893,209.82,269.695,380.024
6.5,0.633273,0.15831825,95.0439,108.62,145.246,167.386,212.812,275.432,385.789
6.6,0.643449,0.16086225,96.3221,110.117,147.88,170.405,216,281.887,393.193
6.7,0.653706,0.1634265,97.4473,111.875,150.281,173.246,219.518,287.716,400.869
6.81,0.665297,0.16632425,98.8698,113.944,153.175,177.076,223.25,293.332,409.027
6.91,0.675614,0.1689035,100.543,116.088,155.736,180.381,226.776,298.402,416.295
7,0.684921,0.17123025,102.062,117.894,157.721,183.471,230.617,302.792,422.376
7.1,0.695227,0.17380675,103.611,120.172,160.304,187.194,234.772,308.077,429.798
7.2,0.70538,0.176345,104.99,122.063,162.42,190.509,239.035,312.111,436.304
7.31,0.716492,0.179123,106.344,124.176,164.542,194.101,243.293,316.835,442.656
7.41,0.72642,0.181605,107.556,125.847,166.672,197.197,247.176,322.702,448.581
7.5,0.735764,0.183941,108.858,127.507,168.941,200.045,249.834,327.476,454.554
7.6,0.746223,0.18655575,110.098,129.321,171.137,202.914,253.386,332.434,461.376
7.7,0.756677,0.18916925,111.557,131.104,173.541,205.632,257.52,337.784,467.821
7.81,0.767945,0.19198625,113.249,133.127,176.551,208.828,261.714,343.435,475.333
7.91,0.778195,0.19454875,114.645,135.272,179.123,212.058,265.982,348.148,482.322
8,0.787321,0.19683025,116.059,137.097,181.666,214.885,270.373,352.647,488.206
8.11,0.798375,0.19959375,117.654,139.351,184.383,218.515,276.116,358.928,494.793
8.2,0.807453,0.20186325,118.843,140.945,186.945,221.907,280.181,363.597,499.576
8.3,0.817474,0.2043685,120.114,142.617,189.582,224.983,283.857,368.373,504.815
8.41,0.828852,0.207213,121.625,144.558,192.152,228.136,287.446,373.612,511.358
8.5,0.838298,0.2095745,122.979,146.357,194.41,230.692,290.641,377.767,517.276
8.61,0.849861,0.21246525,124.861,148.411,197.228,233.949,294.497,382.916,525.503
8.7,0.859087,0.21477175,126.257,149.825,199.749,236.566,297.731,387.374,532.36
8.8,0.869338,0.2173345,127.767,151.677,202.295,239.301,300.976,392.328,541.695
8.91,0.880489,0.22012225,129.315,153.724,205.249,242.273,305.509,397.315,550.822
9,0.889556,0.222389,130.559,155.307,207.956,244.721,308.649,400.854,557.588
9.11,0.900498,0.2251245,132.121,157.213,210.822,248.129,311.793,405.481,566.016
9.2,0.909637,0.22740925,133.084,158.783,213.008,250.984,314.474,409.629,572.89
9.3,0.920106,0.2300265,134.43,160.405,215.554,254.135,317.883,414.964,579.231
9.41,0.931678,0.2329195,135.867,162.491,218.357,257.162,322.234,421.673,587.2
9.5,0.941128,0.235282,137.046,163.759,220.797,260.195,326.226,426.862,593.918
9.61,0.952409,0.23810225,138.791,165.678,223.667,263.418,330.071,433.617,603.051
9.7,0.961603,0.24040075,140.015,167.108,226.123,266.152,333.514,438.637,610.366
9.8,0.971632,0.242908,141.317,168.917,228.751,269.149,337.511,443.243,618.22
9.91,0.982679,0.24566975,142.546,170.834,231.679,272.449,341.837,448.117,626.752
10,0.991662,0.2479155,143.747,172.321,233.837,275.472,346.005,451.797,633.482
10.11,1.00301,0.2507525,145.03,174.137,236.68,280,350.631,456.987,641.029
10.2,1.0126,0.25315,146.11,175.581,238.816,283.026,353.952,461.496,647.28
10.3,1.02313,0.2557825,147.241,177.428,241.236,285.876,358.161,467.208,653.418
10.41,1.0347,0.258675,148.836,179.167,244.056,289.5,362.238,474.097,660.346
10.5,1.04386,0.260965,150.101,180.503,246.403,292.463,365.559,479.72,666.884
10.61,1.05501,0.2637525,151.53,182.591,249.713,297.243,368.999,486.128,674.933
10.7,1.06406,0.266015,152.653,184.094,252.306,301.212,372.348,490.452,681.36
10.8,1.07409,0.2685225,153.995,186.182,254.89,305.047,376.288,495.014,688.736
10.91,1.08506,0.271265,155.286,187.78,257.418,308.493,380.111,499.715,697.349
11,1.09415,0.2735375,156.259,188.951,259.601,311.796,383.101,503.214,704.083
11.11,1.10582,0.276455,157.482,190.349,262.883,315.561,386.722,508.102,711.62
11.2,1.11535,0.2788375,158.56,191.998,265.595,318.398,389.757,512.865,717.529
11.3,1.12565,0.2814125,159.893,193.665,268.266,321.31,392.482,518.691,723.486
11.41,1.13692,0.28423,161.387,195.367,271.23,324.723,395.676,524.521,729.546
11.5,1.14608,0.28652,162.558,197.283,273.811,327.495,398.734,528.51,734.955
11.61,1.15701,0.2892525,164.116,199.477,276.591,331.164,403.047,533.812,742.081
11.7,1.16597,0.2914925,165.244,200.947,279.126,334.055,407.035,538.375,749.059
11.8,1.17588,0.29397,166.391,202.54,281.931,336.624,410.858,544.648,757.432
11.91,1.18709,0.2967725,167.712,204.042,285.296,339.832,415.563,551.377,765.251
12,1.19647,0.2991175,168.617,205.455,287.856,342.549,419.309,556.164,770.901
12.11,1.20795,0.3019875,169.724,206.893,290.765,345.534,423.333,562.159,777.378
12.2,1.21741,0.3043525,170.735,208.289,293.392,348.926,426.457,567.341,783.066
12.3,1.22781,0.3069525,171.922,210.033,295.579,352.661,429.87,572.827,788.967
12.41,1.23901,0.3097525,173.251,212.15,298.551,356.66,434.434,578.182,796.877
12.5,1.24804,0.31201,174.402,213.781,300.895,360,437.774,582.703,803.185
12.61,1.25899,0.3147475,176.119,215.491,303.869,363.851,442.246,588.701,810.597
12.7,1.2679,0.316975,177.44,216.724,306.687,366.464,445.966,594.177,816.812
12.81,1.27898,0.319745,178.843,218.238,309.445,369.607,450.687,601.396,824.684
12.9,1.28834,0.322085,179.821,219.803,311.867,372.46,454.551,607.321,832.05
13,1.29871,0.3246775,180.904,221.614,314.326,376.152,458.36,613.008,839.447
13.11,1.31006,0.327515,182.22,223.781,316.943,380.004,462.665,618.5,847.507
13.2,1.3193,0.329825,183.396,225.516,319.099,383.552,465.376,621.895,853.288
13.31,1.33056,0.33264,184.978,227.472,321.926,387.355,469.296,626.338,859.615
13.4,1.33966,0.334915,186.22,229.118,324.041,389.923,473.111,630.887,864.238
13.5,1.3497,0.337425,187.644,230.726,326.686,392.929,477.103,636.295,869.926
13.61,1.36069,0.3401725,189.457,232.44,329.73,396.401,481.528,641.327,877.131
13.7,1.36991,0.3424775,190.867,234.089,332.648,399.297,484.871,645.909,883.234
13.81,1.38133,0.3453325,192.134,236.36,336.018,402.954,489.443,652.644,891.823
13.9,1.39067,0.3476675,193.442,238.328,338.672,405.859,492.789,657.865,899.148
14,1.40086,0.350215,194.769,240.463,341.856,409.43,496.482,662.878,905.84
14.11,1.41207,0.3530175,196.215,242.65,345.117,412.987,500.377,668.367,912.221
14.2,1.42124,0.35531,197.608,244.481,347.45,415.674,504.11,673.16,918.668
14.31,1.43221,0.3580525,199.196,246.062,350.157,418.849,508.665,678.484,925.95
14.4,1.44128,0.36032,200.39,247.369,352.512,421.352,512.38,683.341,931.827
14.5,1.45141,0.3628525,201.896,249.093,355.284,424.209,516.605,689.408,940.19
14.61,1.46267,0.3656675,203.484,250.897,358.425,427.364,521.111,695.714,950.16
14.7,1.47204,0.36801,204.776,252.433,360.976,430.232,525.097,701.442,957.637
14.81,1.48348,0.37087,206.25,254.749,364.433,433.691,529.825,707.475,965.44
14.9,1.49277,0.3731925,207.484,256.707,367.353,436.785,532.844,712.645,971.166
15,1.50298,0.375745,208.962,258.647,369.929,439.762,536.047,717.358,977.578
15.11,1.51405,0.3785125,210.871,260.539,372.835,443.268,539.297,722.714,984.812
15.2,1.52309,0.3807725,212.158,261.971,375.595,446.455,543.156,727.569,991.231
15.31,1.53414,0.383535,213.836,263.684,378.712,450.107,548.395,732.882,999.864
15.4,1.54322,0.385805,215.09,265.028,381.402,453.443,552.781,737.556,1008.1
15.5,1.55343,0.3883575,216.468,266.85,384.478,457.121,558.313,742.553,1017.1
15.61,1.56486,0.391215,218.046,269.088,387.788,461.222,563.684,748.285,1027.27
15.7,1.57417,0.3935425,219.417,271.057,390.902,464.32,567.86,753.679,1033.83
15.81,1.58554,0.396385,220.935,273.434,393.894,468.107,571.89,759.313,1040.92
15.9,1.59469,0.3986725,222.354,275.191,395.932,471.31,575.012,763.988,1047.1
16,1.60482,0.401205,223.936,277.004,398.732,474.618,579.016,769.623,1054.79
16.1,1.61499,0.4037475,225.365,278.7,401.517,478.246,583.24,775.636,1063.17
16.21,1.62606,0.406515,227.106,280.795,404.615,482.337,587.805,782.016,1072.43
16.31,1.63616,0.40904,228.744,282.934,407.557,486.151,592.706,788.016,1081.19
16.4,1.64529,0.4113225,230.01,284.949,410.778,489.684,597.172,793.779,1089.54
16.5,1.6556,0.4139,231.387,287.275,414.37,493.913,602.197,800.903,1098.7
16.6,1.66605,0.4165125,232.977,289.83,417.675,498.575,607.895,807.193,1106.63
16.71,1.67734,0.419335,234.967,291.944,421.184,502.963,612.289,813.528,1116.14
16.81,1.68749,0.4218725,236.588,293.764,424.464,506.883,616.793,819.75,1123.95
16.9,1.69672,0.42418,237.978,295.419,427.238,510.457,620.959,825.228,1131.41
17,1.70687,0.4267175,239.643,297.525,430.153,514.457,626.253,831.023,1140.17
17.1,1.71697,0.4292425,241.393,299.979,433.603,518.569,631.626,837.672,1148.93
17.21,1.72815,0.4320375,242.929,302.689,437.294,522.551,637.353,844.615,1158.54
17.31,1.73845,0.4346125,244.463,305.349,440.386,526.328,642.432,850.629,1168.2
17.4,1.74772,0.43693,245.861,307.916,443.097,529.941,647.373,856.439,1177.01
17.5,1.75787,0.4394675,247.323,310.426,446.59,533.776,652.128,862.694,1185.97
17.6,1.76813,0.4420325,248.999,312.388,450.358,537.698,657.103,869.044,1194.3
17.71,1.77937,0.4448425,250.954,314.707,454.411,542.292,663.305,875.282,1202.89
17.81,1.7895,0.447375,252.863,317.308,458.151,546.76,668.578,881.633,1211.11
17.9,1.79868,0.44967,254.69,319.585,461.881,550.392,673.502,887.618,1218.95
18,1.80883,0.4522075,256.396,322.217,465.578,554.556,679.029,894.084,1227.46
18.1,1.81905,0.4547625,257.635,325.243,469.166,559.292,684.253,900.519,1235.57
18.21,1.83034,0.457585,259.594,328.377,473.266,564.565,689.937,907.903,1245.91
18.31,1.84075,0.4601875,261.273,330.729,476.576,569.26,695.267,914.637,1255.17
18.4,1.84997,0.4624925,262.649,332.77,479.564,573.732,700.147,920.587,1262.26
18.5,1.85994,0.464985,264.636,335.066,482.959,578.561,705.597,927.353,1269.54
18.6,1.87003,0.4675075,266.53,337.692,486.555,583.379,711.079,933.891,1277.92
18.71,1.88113,0.4702825,268.827,340.505,490.917,589.469,716.774,940.868,1287.21
18.81,1.89145,0.4728625,270.983,342.964,495.146,594.368,722.001,946.909,1295.13
18.9,1.90069,0.4751725,272.982,345.139,498.817,598.875,726.594,951.95,1301.72
19,1.91114,0.477785,274.748,347.621,502.234,604.085,731.797,958.167,1308.36
19.1,1.92153,0.4803825,276.252,349.915,505.662,609.44,737.047,964.269,1315.97
19.21,1.93266,0.483165,278.138,353.045,509.608,615.498,742.824,971.98,1324.11
19.31,1.94273,0.4856825,279.851,355.446,513.185,620.602,748.459,978.855,1332.1
19.4,1.95183,0.4879575,281.654,357.646,516.99,624.851,753.902,984.764,1339.56
19.5,1.96186,0.490465,283.845,360.419,520.785,629.5,759.961,991.297,1347.82
19.6,1.97205,0.4930125,286.239,363.097,524.708,634.622,765.805,998.149,1354.82
19.71,1.98335,0.4958375,288.94,365.934,529.089,640.425,771.807,1006.09,1354.93
19.81,1.99366,0.498415,291.327,368.582,532.713,645.186,777.122,1010.13,1355.66
19.9,2.0025,0.500625,292.749,371.334,536.396,650.04,780.407,1011.2,1356.23
20,2.00603,0.5015075,283.439,362.797,521.985,628.233,739.09,965.597,1301.61
20.1,2.00582,0.501455,290.08,369.256,523.632,628.102,739.169,965.743,1301.58
20.21,2.00574,0.501435,299.427,374.544,524.852,628.082,739.512,965.929,1301.68
20.31,2.00668,0.50167,301.856,375.188,527.849,629.232,739.771,966.112,1301.71
20.4,2.00879,0.5021975,303.524,374.844,529.772,632.164,740.62,966.234,1301.76
20.5,2.01343,0.5033575,305.305,375.239,531.326,636.804,743.681,966.584,1301.84
20.6,2.0203,0.505075,307.031,376.512,532.631,637.903,747.884,967.86,1301.99
20.71,2.03042,0.507605,308.631,377.307,533.679,639.588,749.558,972.209,1302.3
20.81,2.04159,0.5103975,309.463,378.05,534.586,640.848,751.756,974.158,1302.8
20.9,2.05268,0.51317,310.102,378.655,535.465,641.678,753.276,975.456,1303.87
21,2.06546,0.516365,310.467,379.05,536.307,642.98,754.904,976.907,1306.47
21.1,2.07802,0.519505,310.665,379.801,537.387,644.503,756.464,978.416,1309.29
21.21,2.09149,0.5228725,310.408,380.947,539.181,645.934,757.995,979.736,1310.97
21.31,2.10307,0.5257675,311.543,382.131,540.814,647.619,759.704,980.921,1312.6
21.4,2.1126,0.52815,312.577,383.107,541.97,649.192,761.154,982.079,1314.07
21.5,2.12239,0.5305975,314.101,384.568,543.394,651.194,762.995,983.529,1315.66
21.6,2.13174,0.532935,316.647,386.152,545.126,653.43,764.746,985.173,1317.55
21.71,2.14185,0.5354625,318.353,387.72,546.728,655.436,766.57,987.208,1319.33
21.81,2.15117,0.5377925,319.451,389.013,548.079,656.813,768.019,989.318,1321.13
21.9,2.15963,0.5399075,320.956,390.181,549.531,658.034,769.613,991.276,1322.75
22,2.16941,0.5423525,322.167,391.638,551.429,660.015,771.539,993.521,1324.26
22.1,2.17967,0.5449175,323.5,392.983,553.013,662.057,773.849,995.647,1326.33
22.21,2.19152,0.54788,324.579,394.687,555.089,664.298,776.438,997.484,1328.37
22.31,2.20228,0.55057,325.279,396.259,556.907,666.6,778.963,999.385,1331.1
22.4,2.21209,0.5530225,326.277,397.546,558.663,668.799,781.149,1001.16,1333.8
22.5,2.22298,0.555745,327.487,398.981,560.645,671.277,783.531,1003.27,1336.81
22.6,2.23366,0.558415,328.57,400.553,562.37,673.63,785.9,1006.04,1339.64
22.71,2.24508,0.56127,329.591,402.297,564.523,675.915,788.883,1009.19,1342.22
22.81,2.2551,0.563775,331.146,403.869,566.625,678.303,791.019,1012.55,1344.59
22.9,2.2642,0.56605,332.576,405.236,568.573,680.337,793.064,1016.38,1346.43
23,2.27404,0.56851,333.796,406.956,570.336,682.525,795.36,1019.24,1348.97
23.1,2.28416,0.57104,334.524,408.719,572.464,685.271,798.121,1022.37,1352.16
23.21,2.29538,0.573845,335.943,410.899,574.975,687.741,801.462,1026.13,1356.25
23.31,2.30574,0.576435,337.781,412.998,577.685,690.3,804.437,1029.59,1360.22
23.4,2.31531,0.5788275,339.124,414.763,579.995,692.764,807.663,1033.44,1364.09
23.5,2.32589,0.5814725,340.214,416.683,582.352,695.801,811.047,1037.9,1367.92
23.6,2.33641,0.5841025,341.625,418.864,585.486,698.337,814.257,1042.76,1371.24
23.71,2.34767,0.5869175,343.453,421.441,589.234,701.558,817.697,1047.27,1375.32
23.81,2.35792,0.58948,345.426,423.489,592.037,705.768,820.426,1051.02,1380.02
23.9,2.36722,0.591805,347.036,425.144,594.77,709.32,823.838,1054.7,1385.2
24,2.37756,0.59439,348.498,426.895,598.483,713.514,828.379,1059.63,1391.42
24.1,2.38791,0.5969775,349.772,429.494,602.085,718.23,833.414,1065.06,1397.94
24.21,2.39932,0.59983,351.595,432.938,605.991,723.22,838.751,1071.26,1405.14
24.31,2.40968,0.60242,353.5,435.602,609.749,727.557,843.555,1076.56,1411.29
24.4,2.41878,0.604695,355.134,438.081,613.321,731.258,848.245,1081.83,1417.26
24.5,2.42883,0.6072075,356.877,441.468,618.119,735.584,853.005,1087.18,1424.12
24.6,2.43905,0.6097625,358.596,444.777,623.139,739.754,858.221,1093.13,1431.96
24.71,2.45001,0.6125025,360.618,447.897,627.777,744.171,863.519,1099.74,1439.27
24.81,2.4603,0.615075,362.48,450.842,630.935,748.459,869.655,1106.66,1446.12
24.9,2.46949,0.6173725,364.083,453.139,633.98,752.808,875.12,1112.89,1452.23
25,2.47985,0.6199625,365.625,455.889,637.596,758.078,880.69,1120.39,1459.79
25.1,2.49013,0.6225325,366.861,458.265,641.421,763.67,885.124,1128.08,1467.5
25.21,2.50155,0.6253875,368.501,460.779,645.989,769.699,890.851,1134.67,1476.15
25.31,2.51199,0.6279975,370.212,462.997,650.801,774.681,896.363,1139.87,1485.19
25.4,2.52134,0.630335,372.003,465.494,654.788,778.759,901.604,1145.56,1493.05
25.5,2.53132,0.63283,373.676,468.579,657.941,782.987,907.237,1151.76,1502.27
25.61,2.54265,0.6356625,375.471,471.458,660.789,787.634,913.715,1158.69,1511.94
25.71,2.55284,0.63821,377.624,473.915,663.567,791.894,918.808,1166.17,1520.15
25.8,2.56199,0.6404975,379.771,476.243,666.477,795.975,923.1,1172.89,1526.82
25.9,2.57215,0.6430375,381.175,478.608,670.176,800.826,927.297,1180.26,1533.25
26,2.58245,0.6456125,382.63,481.073,673.839,804.688,931.591,1187.01,1539.8
26.11,2.5938,0.64845,384.694,483.983,678.014,808.999,937.247,1193.05,1547.22
26.21,2.60415,0.6510375,386.75,486.204,681.276,813.298,941.862,1198.44,1554.56
26.3,2.61333,0.6533325,388.598,488.196,684.234,817.254,946.283,1203.68,1561.43
26.4,2.62374,0.655935,390.851,490.615,687.315,821.585,951.607,1209.71,1569.6
26.5,2.63389,0.6584725,393.141,493.16,690.094,825.19,957.023,1216,1577.87
26.61,2.6449,0.661225,395.537,496.327,693.279,829.178,962.148,1223.53,1587.37
26.71,2.65485,0.6637125,397.91,499.257,696.231,833.223,966.886,1230.54,1596.35
26.8,2.66391,0.6659775,399.535,501.784,699.062,836.852,971.184,1236.13,1603.99
26.9,2.67411,0.6685275,400.939,504.26,702.264,841.407,976.22,1241.94,1611.82
27,2.68452,0.67113,402.322,507.247,706.206,846.053,980.912,1247.3,1618.37
27.11,2.69608,0.67402,404.007,510.675,710.058,850.233,985.955,1253.13,1626.54
27.21,2.70671,0.6766775,405.621,513.421,713.474,853.711,990.831,1259.08,1634.15
27.3,2.71612,0.67903,407.069,515.809,716.195,856.88,994.731,1264.12,1641.45
27.4,2.72636,0.68159,408.628,518.389,719.304,860.684,998.854,1270.77,1649.53
27.5,2.73653,0.6841325,410.372,520.847,722.626,864.82,1003.02,1277.86,1657.46
27.61,2.74761,0.6869025,412.562,523.414,726.068,869.911,1007.23,1283.8,1666.77
27.71,2.75757,0.6893925,414.496,525.887,728.868,874.146,1011.8,1290.01,1675.76
27.8,2.76679,0.6916975,415.858,527.891,731.641,877.685,1015.27,1295.59,1683.27
27.9,2.77711,0.6942775,417.511,530.109,734.795,881.402,1019.14,1300.95,1691.17
28,2.78758,0.696895,418.892,532.505,737.903,885.598,1023.23,1306.68,1697.27
28.11,2.79894,0.699735,420.626,534.788,740.151,889.248,1027.62,1313.7,1703.32
28.21,2.80919,0.7022975,422.319,537.395,742.674,893.103,1031.75,1319.83,1708.73
28.3,2.81838,0.704595,423.845,539.747,745.433,897.118,1035.53,1324.42,1714.87
28.4,2.82858,0.707145,425.295,542.59,748.915,901.549,1039.63,1330.55,1722.03
28.5,2.83875,0.7096875,427.127,544.639,752.313,906.114,1044.11,1336.13,1729.97
28.61,2.84969,0.7124225,428.718,546.687,755.482,909.987,1048.94,1341.56,1739
28.71,2.85992,0.71498,429.994,549.046,758.551,913.673,1053.37,1346.28,1746.67
28.8,2.86934,0.717335,431.275,550.866,761.067,916.632,1057.44,1350.91,1752.84
28.9,2.87967,0.7199175,432.609,552.941,763.635,919.842,1061.02,1356.4,1759.88
29,2.89006,0.722515,434.143,555.012,766.184,923.047,1064.86,1362.32,1765.49
29.11,2.90141,0.7253525,435.861,557.124,769.347,926.362,1069.79,1369.57,1770.64
29.21,2.91163,0.7279075,437.478,559.564,772.222,929.402,1074.29,1375.89,1775.83
29.3,2.92074,0.730185,438.781,561.214,774.956,932.743,1078.14,1381.01,1781.73
29.4,2.93073,0.7326825,440.408,563.163,777.838,936.362,1082.4,1386.26,1789
29.5,2.94063,0.7351575,441.484,565.115,780.751,940.257,1086.99,1392.22,1795.76
29.61,2.9519,0.737975,442.643,567.323,783.867,944.527,1092.93,1398.04,1803.68
29.71,2.96259,0.7406475,444.048,569.613,786.247,947.935,1096.85,1403.3,1811.85
29.8,2.97203,0.7430075,445.185,571.293,788.531,950.248,1099.95,1408.63,1819.65
29.9,2.98239,0.7455975,446.343,573.501,791.131,953.475,1104.15,1415.26,1827.05
30,2.99271,0.7481775,447.404,576.144,793.572,957.242,1108.51,1421.99,1832.81
30.11,3.00395,0.7509875,448.84,578.444,796.767,962.138,1113.53,1428.75,1839.55
30.21,3.01418,0.753545,450.151,580.492,799.361,966.559,1119.52,1434.3,1845.73
30.3,3.02317,0.7557925,451.444,582.342,801.394,970.621,1124.8,1438.13,1851.32
30.4,3.03334,0.758335,452.634,584.664,804.118,974.838,1129.76,1442.86,1858.9
30.5,3.04362,0.760905,453.693,587.005,807.158,979.074,1134.58,1447.59,1866.88
30.61,3.05511,0.7637775,454.99,588.908,809.698,983.307,1138.98,1453.5,1875.26
30.71,3.0656,0.7664,456.206,591.327,812.443,986.604,1142.65,1459.47,1883.4
30.8,3.07483,0.7687075,457.331,593.646,815.247,989.737,1145.96,1464.51,1889.99
30.9,3.08495,0.7712375,458.555,596.175,818.69,994.184,1149.83,1470.36,1896.54
31,3.09501,0.7737525,459.953,598.477,821.657,999.21,1155.28,1476.3,1903.03
31.11,3.10611,0.7765275,461.545,600.877,824.809,1005.29,1161.63,1481.95,1910.47
31.21,3.11634,0.779085,463.009,603.303,827.734,1010.97,1167.34,1487.23,1917.85
31.3,3.12551,0.7813775,464.123,605.333,830.967,1015.11,1171.76,1492.22,1924.48
31.4,3.13595,0.7839875,465.332,607.338,834.197,1019.96,1176.99,1498.09,1931.82
31.5,3.14634,0.786585,466.925,609.557,836.811,1023.96,1181.8,1504.48,1939.39
31.61,3.15764,0.78941,468.559,612.17,839.803,1027.68,1186.97,1511.21,1948.67
31.71,3.16774,0.791935,469.701,614.573,842.132,1031.47,1191.16,1517.33,1955.94
31.8,3.17672,0.79418,470.871,616.508,844.388,1035.38,1194.77,1522.78,1962.68
31.9,3.18665,0.7966625,472.528,618.747,846.594,1040.4,1199.73,1527.8,1969.62
32,3.19667,0.7991675,474.137,621.153,849.266,1045.85,1205.85,1534.05,1976.88
32.11,3.20791,0.8019775,475.401,623.78,852.708,1051.08,1212.69,1540.17,1985.02
32.2,3.21721,0.8043025,476.393,625.744,855.513,1055.52,1218.16,1545.56,1992.04
32.3,3.22752,0.80688,477.668,627.794,858.365,1060.02,1223.68,1552.27,2000.94
32.41,3.23899,0.8097475,478.949,630.003,861.024,1064.56,1228.94,1558.73,2011.06
32.5,3.2483,0.812075,479.942,631.98,863.27,1067.32,1233.79,1564.19,2019.29
32.61,3.25944,0.81486,481.347,634.089,866.202,1070.86,1239.24,1571.27,2028.12
32.7,3.2684,0.8171,482.778,635.816,868.929,1074.19,1244.49,1576.94,2035.11
32.8,3.27839,0.8195975,484.24,638.141,871.367,1078.28,1249.8,1582.55,2041.55
32.91,3.28949,0.8223725,485.612,640.943,874.104,1082.42,1255.35,1588.3,2048.84
33,3.29859,0.8246475,486.694,643.349,876.715,1085.91,1259.88,1593.74,2054.88
33.11,3.3098,0.82745,488.148,645.623,880.441,1091.23,1265.72,1600.77,2063.83
33.2,3.31898,0.829745,489.332,647.521,883.919,1095.19,1270.5,1607.07,2071.86
33.3,3.32936,0.83234,490.423,650.307,887.017,1098.82,1276.32,1613.73,2080.88
33.41,3.34072,0.83518,491.677,652.865,889.719,1102.56,1281.89,1621.55,2091.13
33.5,3.34986,0.837465,492.76,654.597,891.71,1106.03,1285.8,1627.54,2098.49
33.61,3.36105,0.8402625,494.715,656.721,894.395,1110.88,1290.35,1633.89,2107.6
33.7,3.37029,0.8425725,495.873,658.831,897.078,1114.91,1294.42,1638.68,2114.35
33.8,3.38049,0.8451225,497.01,661.177,899.927,1119.68,1299.37,1644.23,2121.45
33.91,3.39169,0.8479225,498.503,663.543,902.528,1124.12,1305.13,1650.63,2129.91
34,3.40079,0.8501975,499.785,665.856,905.845,1128.27,1309.93,1656.79,2137.11
34.11,3.41188,0.85297,501.145,668.909,909.451,1133.1,1316.66,1664.53,2147.19
34.2,3.42111,0.8552775,502.198,671.032,912.605,1136.31,1322.04,1671.51,2155.34
34.3,3.43142,0.857855,503.415,673.177,915.467,1140.4,1326.89,1679.36,2163.32
34.41,3.44268,0.86067,504.999,675.183,918.154,1145.12,1331.98,1687.07,2172.29
34.5,3.45194,0.862985,506.581,676.927,920.856,1148.95,1335.18,1692.47,2178.83
34.61,3.46329,0.8658225,508.606,679.069,924.108,1153.1,1340.38,1698.21,2187.03
34.7,3.47244,0.86811,509.816,681.105,926.66,1156.36,1344.25,1703.04,2194.06
34.8,3.48257,0.8706425,511.039,683.253,929.213,1160.04,1349.19,1708.07,2201.54
34.91,3.49355,0.8733875,512.567,685.615,932.696,1164.36,1355.39,1715.42,2211.34
35,3.50254,0.875635,513.777,688.312,935.714,1168.06,1361.09,1721.19,2220.05
35.11,3.51358,0.878395,515.047,690.808,939.263,1172.81,1367.84,1728.03,2230.28
35.2,3.52279,0.8806975,516.096,692.909,942.247,1176.01,1372.17,1733.82,2238.98
35.3,3.53313,0.8832825,517.511,695.204,945.752,1179.84,1376.56,1739.93,2249.21
35.41,3.54467,0.8861675,519.209,697.546,948.802,1184.5,1381.25,1746.12,2260.4
35.5,3.55403,0.8885075,520.837,699.336,951.256,1188.36,1385.58,1751,2268.75
35.61,3.56535,0.8913375,522.925,701.928,954.292,1192.52,1391.4,1757.4,2279.06
35.7,3.57455,0.8936375,524.163,704.57,956.774,1196.33,1396.16,1763.52,2287.6
35.8,3.5846,0.89615,525.371,707.146,960.135,1200.84,1401.45,1769.65,2297.74
35.91,3.59564,0.89891,526.9,710.292,963.828,1206.48,1407.48,1776.5,2308.95
36,3.60459,0.9011475,528.161,712.592,966.34,1210.92,1412.05,1782.08,2317.54
36.11,3.61577,0.9039425,529.488,715.144,969.745,1216.05,1417.02,1788.99,2328.95
36.2,3.62513,0.9062825,530.954,717.381,972.545,1219.96,1420.37,1794.43,2337.91
36.3,3.63546,0.908865,532.892,719.782,975.561,1223.47,1425.14,1800.68,2348.96
36.41,3.64682,0.911705,534.913,722.378,978.969,1227.36,1430.44,1808.02,2361.66
36.5,3.65603,0.9140075,536.566,724.69,981.406,1231.03,1434.95,1813.71,2369.76
36.61,3.66723,0.9168075,538.448,727.552,985.115,1235.5,1440.66,1820.05,2378.54
36.7,3.67629,0.9190725,539.844,729.922,988.517,1239.37,1446.53,1825.96,2386.13
36.8,3.68628,0.92157,541.137,732.334,991.797,1243.99,1453.4,1832.5,2394.69
36.91,3.6975,0.924375,542.46,735.018,995.493,1249.73,1459.37,1839.82,2404.68
37,3.70687,0.9267175,544.05,737.223,998.976,1254.69,1463.18,1845.47,2414.05
37.11,3.71828,0.92957,546.561,739.965,1003.23,1259.92,1467.84,1852.88,2425.29
37.2,3.7275,0.931875,548.475,742.037,1006.09,1263.51,1472.36,1859.22,2434.93
37.3,3.73771,0.9344275,550.651,744.497,1009.02,1267.41,1477.2,1865.96,2445.35
37.41,3.74885,0.9372125,552.759,747.542,1012.62,1272.23,1481.99,1872.79,2454.99
37.5,3.7578,0.93945,554.292,750.432,1016.23,1275.75,1486.1,1878.49,2462.71
37.61,3.76882,0.942205,556.287,753.562,1020.07,1280.83,1492.56,1886.27,2472.61
37.7,3.77801,0.9445025,558.098,755.745,1023.71,1284.96,1497.5,1891.82,2481.08
37.8,3.78834,0.947085,559.74,758.329,1027.72,1289.35,1502.66,1897.38,2490.81
37.91,3.79987,0.9499675,561.593,761.289,1031.78,1294.23,1507.07,1903.65,2502.96
38,3.80917,0.9522925,563.479,763.479,1034.66,1298.15,1512.07,1908.63,2512.16
38.11,3.82038,0.955095,566.157,766.406,1038.58,1303.24,1517.02,1915.22,2523.19
38.2,3.82952,0.95738,568.219,769.156,1041.76,1307.77,1520.66,1920.31,2531.92
38.3,3.83956,0.95989,570.265,772.305,1045.4,1312.66,1524.96,1925.75,2539.24
38.41,3.8506,0.96265,572.223,775.269,1049.57,1317.75,1530.54,1932.89,2547.89
38.5,3.85982,0.964955,573.6,777.698,1053.37,1322.3,1535.29,1938.22,2555.58
38.61,3.87115,0.9677875,575.417,780.62,1057.86,1326.69,1540.56,1944.37,2564.69
38.7,3.88045,0.9701125,576.851,783.551,1061.02,1329.89,1544.58,1949.99,2571.54
38.8,3.89061,0.9726525,578.651,786.948,1064.94,1333.52,1549.7,1956.46,2579.62
38.91,3.902,0.9755,581.182,790.351,1069.01,1338.3,1555.58,1963.31,2589.57
39,3.91119,0.9777975,583.024,793.219,1072.19,1342.19,1560.1,1969.51,2597.49
39.11,3.92216,0.98054,585.145,797.191,1076.02,1347.45,1565.86,1976.93,2607.61
39.2,3.93117,0.9827925,587.153,800.207,1079.19,1351.56,1569.96,1982.8,2615.56
39.3,3.94143,0.9853575,589.257,803.363,1083.79,1355.9,1574.64,1989.91,2624.3
39.41,3.95278,0.988195,591.22,806.69,1088.77,1360.33,1579.98,1996.84,2633.56
39.5,3.96198,0.990495,592.953,809.397,1092.1,1363.68,1584.15,2002.44,2632.64
39.61,3.9735,0.993375,595.267,812.546,1096.47,1368.33,1589.53,2007.9,2639.28
39.7,3.98291,0.9957275,597.205,815.451,1100.32,1373.02,1594.36,2012.75,2640.03
39.8,3.99305,0.9982625,599.824,818.471,1104.49,1378.58,1600.49,2017.22,2631.37
39.91,4.00319,1.0007975,602.702,821.954,1108.83,1384.76,1605.1,2017.4,2632.39
40,4.00613,1.0015325,574.432,782.108,1055.06,1347.55,1546.85,1951.5,2572.5
40.11,4.00557,1.0013925,576.685,785.231,1056.5,1322.46,1538.17,1944.2,2559.27
40.2,4.00575,1.0014375,578.035,786.371,1057.05,1322.99,1538.49,1944.49,2559.69
40.3,4.00654,1.001635,579.088,787.702,1058.52,1324.5,1538.91,1944.85,2560
